{
    "Aguascalientes": "Flag_of_Aguascalientes.svg",
    "Alicante_(province)": "Coat_of_Arms_of_Alicante_Province.svg",
    "Amazonas_(Brazil)": "Bandeira_do_Amazonas.svg",
    "Anambra": "Flag_of_Anambra_State.png",
    "Anguilla": "Flag_of_Anguilla.svg",
    "Antifa_(United_States)": "Antifa_logo.svg",
    "Baja_California": "Flag_of_Baja_California.svg",
    "Basel-Stadt": "Flag_of_Canton_of_Basel.svg",
    "Belfast": "Flag_of_Belfast.svg",
    "Bern_(canton)": "Flag_of_Canton_of_Bern.svg",
    "Brussels_(region)": "Flag_of_the_Brussels-Capital_Region.svg",
    "Buckinghamshire": "Flag_of_Berkshire.svg",
    "Burgenland": "Flag_of_Burgenland_(state).svg",
    "Cadiz_(province)": "Flag_C\u00e1diz_Province.svg",
    "Campeche": "Flag_of_Campeche.svg",
    "Castellon_(province)": "Escut_de_la_Prov\u00edncia_de_Castell\u00f3.svg",
    "Ceara": "Bandeira_do_Cear\u00e1.svg",
    "Chiapas": "Flag_of_Chiapas.svg",
    "Chihuahua_(state)": "Flag_of_Chihuahua.svg",
    "Chuuk": "Flag_of_Chuuk.svg",
    "Cinque_Ports": "Cinque_Ports_towns_flag.svg",
    "City_of_London": "Flag_of_the_City_of_London.svg",
    "Coahuila": "Flag_of_Coahuila.svg",
    "Colima": "Flag_of_Colima.svg",
    "Confederated_Tribes_of_the_Grand_Ronde": "Reserva_Grande_Ronde.png",
    "Cordoba_(province_Spain)": "Provincia_de_C\u00f3rdoba_-_Bandera.svg",
    "Crimea": "Flag_of_Crimea.svg",
    "Dnipropetrovsk_(oblast)": "Flag_of_Dnipropetrovsk_Oblast.svg",
    "Dorset": "Saint_Wite's_Cross.svg",
    "East_Anglia": "Flag_of_East_Anglia.svg",
    "East_Flanders": "Flag_of_Oost-Vlaanderen.svg",
    "East_Riding_of_Yorkshire": "Flag_of_the_East_Riding_of_Yorkshire.svg",
    "Espirito_Santo_(province)": "Bandeira_Prov\u00edncia_do_Esp\u00edrito_Santo.svg",
    "Extremadura": "Flag_of_Extremadura,_Spain_(with_coat_of_arms).svg",
    "Federal_Capital_Territory_(Nigeria)": "Flag_of_Abuja.svg",
    "Federal_District_(Brazil)": "Bandeira_do_Distrito_Federal_(Brasil).svg",
    "French_Community_(Belgium)": "Flag_of_Wallonia.svg",
    "French_Guiana": "Flag_of_French_Guiana.svg",
    "Geneva_(canton)": "Flag_of_Canton_of_Geneva.svg",
    "Grisons": "Flag_of_Canton_of_Graub\u00fcnden.svg",
    "Guadeloupe": "Unofficial_flag_of_Guadeloupe_(local).svg",
    "Guipuzcoa": "Flag_of_Guip\u00fazcoa.svg",
    "Hainaut_(province)": "Generieke_vlag_van_Henegouwen.svg",
    "Hertfordshire": "County_Flag_of_Hertfordshire.svg",
    "Hezbollah": "Flag_of_Hezbollah.svg",
    "Hidalgo_(state)": "Flag_of_Hidalgo.svg",
    "Islamic_Revolutionary_Guard_Corps": "Flag_of_the_Army_of_the_Guardians_of_the_Islamic_Revolution.svg",
    "Isles_of_Scilly": "ScillonianCross.svg",
    "Kano_(state)": "Kano_State_flag_official.png",
    "Khatumo_State": "Calanka_SSC-Khatumo_Somalia.svg",
    "Kosrae": "Flag_of_Kosrae.svg",
    "Kyiv_(oblast)": "Flag_of_Kyiv_Oblast.svg",
    "La_Coruna_(province)": "Coat_of_Arms_of_the_Province_of_A_Coru\u00f1a.svg",
    "Leon_(province)": "Bandera_de_Le\u00f3n.svg",
    "Limburg_(Belgium)": "Flag_of_Limburg_(Belgium).svg",
    "Lugo_(province)": "Flag_of_Lugo_province.svg",
    "Malaga_(province)": "Flag_M\u00e1laga_Province.svg",
    "Maranhao": "Bandeira_do_Maranh\u00e3o.svg",
    "Mayotte": "Flag_of_Mayotte_(Local).svg",
    "Metropolitan_City_of_Rome_Capital": "Flag_of_the_Province_of_Rome.svg",
    "Mexico_(state)": "Flag_of_the_State_of_Mexico.svg",
    "Mexico_City": "Flag_of_Mexico_City,_Mexico.svg",
    "Michoacan": "Flag_of_Michoacan.svg",
    "Morelos": "Flag_of_Morelos.svg",
    "Moscow_(oblast)": "Flag_of_Moscow_oblast.svg",
    "Nayarit": "Flag_of_Nayarit.svg",
    "Neuchatel_(canton)": "Flag_of_Canton_of_Neuch\u00e2tel.svg",
    "New_Caledonia": "Flag_of_FLNKS.svg",
    "Niger_(state)": "Niger_state_flag.png",
    "North_Riding_of_Yorkshire": "Flag_of_North_Riding_of_Yorkshire.svg",
    "Northern_Arapaho_of_Wind_River": "Flag_of_Arapaho_Nation.svg",
    "Northern_Cheyenne": "Flag_of_Northern_Cheyenne.svg",
    "Northern_Ireland": "Saint_Patrick's_Saltire.svg",
    "Northumbria": "Flag_of_Northumbria.svg",
    "Nuevo_Leon": "Flag_of_Nuevo_Leon.svg",
    "Oaxaca": "Flag_of_Oaxaca.svg",
    "Order_of_the_Holy_Sepulchre": "Drapeau_du_Saint-S\u00e9pulcre.svg",
    "Orense_(province)": "Provincia_de_Ourense_-_Bandera.svg",
    "Oyo_(state)": "Oyo_State_Flag.svg",
    "Palencia_(province)": "Bandera_de_la_provincia_de_Palencia1.svg",
    "Paraiba": "Bandeira_da_Para\u00edba.svg",
    "Piaui": "Bandeira_do_Piau\u00ed.svg",
    "Pohnpei": "Flag_of_Pohnpei.svg",
    "Puebla": "Flag_of_Puebla.svg",
    "Queretaro": "Flag_of_Queretaro.svg",
    "Ras_Al_Khaimah_(emirate)": "Flag_of_Sharjah_and_Ras_Al_Khaimah.svg",
    "Reunion": "Proposed_flag_of_R\u00e9union_(VAR).svg",
    "Rivers_(state)": "Rivers_State_Flag.svg",
    "Rondonia": "Bandeira_de_Rond\u00f4nia.svg",
    "Saint_Barthelemy": "Flag_of_Saint_Barth\u00e9lemy_(local).svg",
    "Salzburg_(state)": "Flag_of_Salzburg_(state).svg",
    "San_Luis_Potosi": "Flag_of_San_Luis_Potosi.svg",
    "Santa_Catarina_(state)": "Bandeira_de_Santa_Catarina.svg",
    "Sao_Paulo": "Bandeira_da_cidade_de_S\u00e3o_Paulo.svg",
    "Sao_Paulo_(state)": "Bandeira_do_estado_de_S\u00e3o_Paulo.svg",
    "Sealand": "Flag_of_Sealand.svg",
    "Seville_(province)": "Flag_of_Diputacion_de_Sevilla_Spain.svg",
    "Sinaloa": "Flag_of_Sinaloa.svg",
    "Sonora": "Flag_of_Sonora.svg",
    "St._Gallen_(canton)": "Flag_of_Canton_of_Sankt_Gallen.svg",
    "Styria": "Flag_of_Styria_(state).svg",
    "Surrey": "Flag_of_Surrey.svg",
    "Tabasco": "Flag_of_Tabasco.svg",
    "Tamaulipas": "Flag_of_Tamaulipas.svg",
    "Teutonic_Order": "Flag_of_the_State_of_the_Teutonic_Order.svg",
    "The_Protectorate": "Flag_of_the_Commonwealth_(1658\u20131660).svg",
    "Thirteen_Colonies": "Red_ensign_of_Great_Britain_(1707\u20131800,_square_canton).svg",
    "Tyrol_(state)": "Flag_of_Tirol_(state).svg",
    "Umm_Al_Quwain_(emirate)": "Flag_of_Umm_al-Qaiwain.svg",
    "Upper_Austria": "Flag_of_Upper_Austria_(state).svg",
    "Valais": "Flag_of_Canton_of_Valais.svg",
    "Valencia_(province)": "Escut_de_la_Prov\u00edncia_de_Val\u00e8ncia.svg",
    "Veracruz": "Flag_of_Veracruz.svg",
    "Vienna": "Flag_of_Vienna_(state).svg",
    "Vorarlberg": "Flag_of_Vorarlberg_(state).svg",
    "West_Flanders": "Flag_of_West_Flanders.svg",
    "West_Riding_of_Yorkshire": "Flag_of_the_West_Riding_of_Yorkshire.svg",
    "Yap": "Flag_of_Yap.svg",
    "Yorkshire": "Flag_of_Yorkshire.svg",
    "Yucatan": "Flag_of_Yucatan.svg",
    "Zacatecas": "Flag_of_Zacatecas.svg",
    "Zamfara": "Zamfara_State_Flag.svg",
    "Zurich_(canton)": "Flag_of_Canton_of_Z\u00fcrich.svg"
}